{
  "delays": [
    6,
    12,
    20,
    32
  ],
  "mean": {
    "6": {
      "full_low": 0.7714377492666245,
      "full_up": 0.9561176411807537,
      "temp_low": 0.6572263464331627,
      "temp_up": 0.9561176411807537,
      "spat_low": NaN,
      "spat_up": 0.9561176411807537,
      "xtemp_share": 0.9266811190747135
    },
    "12": {
      "full_low": 0.7542856745421886,
      "full_up": 0.939197663217783,
      "temp_low": 0.6627891976386309,
      "temp_up": 0.939197663217783,
      "spat_low": NaN,
      "spat_up": 0.939197663217783,
      "xtemp_share": 0.936522499539195
    },
    "20": {
      "full_low": 0.7226780541241169,
      "full_up": 0.9204008877277374,
      "temp_low": 0.6795722600072622,
      "temp_up": 0.9204008877277374,
      "spat_low": NaN,
      "spat_up": 0.9204008877277374,
      "xtemp_share": 0.9414934750898185
    },
    "32": {
      "full_low": 0.6750378459692001,
      "full_up": 0.8889767862856388,
      "temp_low": 0.6389519833028316,
      "temp_up": 0.8889767862856388,
      "spat_low": NaN,
      "spat_up": 0.8889767862856388,
      "xtemp_share": 0.9469177902801978
    }
  },
  "sem": {
    "6": {
      "full_low": 0.015232593318428609,
      "full_up": 0.004300280767453945,
      "temp_low": 0.04202711783663555,
      "temp_up": 0.004300280767453945,
      "spat_low": NaN,
      "spat_up": 0.004300280767453945,
      "xtemp_share": 0.004191423572737635
    },
    "12": {
      "full_low": 0.016417998560390338,
      "full_up": 0.005556096020388342,
      "temp_low": 0.03330336052854994,
      "temp_up": 0.005556096020388342,
      "spat_low": NaN,
      "spat_up": 0.005556096020388342,
      "xtemp_share": 0.0027729104293167943
    },
    "20": {
      "full_low": 0.017939982347230998,
      "full_up": 0.005306875608092392,
      "temp_low": 0.023490065378234976,
      "temp_up": 0.005306875608092392,
      "spat_low": NaN,
      "spat_up": 0.005306875608092392,
      "xtemp_share": 0.0016053668588564094
    },
    "32": {
      "full_low": 0.024206572849857434,
      "full_up": 0.007199371687517613,
      "temp_low": 0.02894804515946997,
      "temp_up": 0.007199371687517613,
      "spat_low": NaN,
      "spat_up": 0.007199371687517613,
      "xtemp_share": 0.0015100712114989683
    }
  },
  "n_seeds": 16
}