{
  "6": {
    "full_low": 0.7681931704282761,
    "full_up": 0.9517698188622793,
    "temp_low": 0.6502563841640949,
    "temp_up": 0.9517698188622793,
    "xtemp_share": 0.9275372341327275
  },
  "12": {
    "full_low": 0.7453520546356837,
    "full_up": 0.9346216718355814,
    "temp_low": 0.6339363927642504,
    "temp_up": 0.9346216718355814,
    "xtemp_share": 0.9390428069689057
  },
  "20": {
    "full_low": 0.7097606956958771,
    "full_up": 0.9159466475248337,
    "temp_low": 0.6560939028859138,
    "temp_up": 0.9159466475248337,
    "xtemp_share": 0.9425647627974391
  },
  "32": {
    "full_low": 0.6540104821324348,
    "full_up": 0.883638064066569,
    "temp_low": 0.609155555566152,
    "temp_up": 0.883638064066569,
    "xtemp_share": 0.9471693628510914
  }
}