{
  "steps": [
    0,
    100,
    200,
    300,
    400,
    500,
    600,
    700,
    800,
    900,
    1000,
    1100,
    1200,
    1300,
    1400,
    1500,
    1600,
    1700,
    1800,
    1900,
    2000
  ],
  "curves": {
    "bptt": {
      "mean": [
        0.5,
        0.498291015625,
        0.6490071614583334,
        0.638427734375,
        0.691650390625,
        0.72216796875,
        0.7384440104166666,
        0.7876790364583334,
        0.848388671875,
        0.8978678385416666,
        0.8714192708333334,
        0.9185384114583334,
        0.9142252604166666,
        0.9602864583333334,
        0.934326171875,
        0.93701171875,
        0.9784342447916666,
        0.9991048177083334,
        0.99951171875,
        0.9995930989583334,
        0.9999186197916666
      ],
      "std": [
        0.01220703125,
        0.015506934101841374,
        0.11748092086139857,
        0.1428598207835836,
        0.15147550255569892,
        0.1748708248226259,
        0.1847903528349574,
        0.22085816405706923,
        0.1947617458544274,
        0.17758573061659916,
        0.19584434153682545,
        0.1812815883485505,
        0.19070756857653873,
        0.08836571657640616,
        0.14663288641379732,
        0.08940348351367458,
        0.04822249463195347,
        0.00200168845642071,
        0.0008914755167727313,
        0.0007141084299635516,
        0.00018197167785642817
      ],
      "sem": [
        0.005459150335692847,
        0.006934911754865393,
        0.05253906502107208,
        0.06388885410510604,
        0.06774190412809718,
        0.07820461031696983,
        0.08264075810502715,
        0.09877077364348152,
        0.08710010062940751,
        0.07941875309853627,
        0.08758425213700546,
        0.08107159092329855,
        0.08528701743216868,
        0.03951834982906483,
        0.06557622035165123,
        0.03998245331237162,
        0.02156575520833334,
        0.0008951822916666666,
        0.0003986799711561163,
        0.0003193589985408299,
        8.138020833333334e-05
      ]
    },
    "full": {
      "mean": [
        0.5,
        0.4937337239583333,
        0.5604654947916666,
        0.5379231770833334,
        0.6015625,
        0.5245768229166666,
        0.6248372395833334,
        0.6551106770833334,
        0.6728515625,
        0.6346842447916666,
        0.7254231770833334,
        0.7787272135416666,
        0.7510579427083334,
        0.7893880208333334,
        0.795654296875,
        0.8226725260416666,
        0.812744140625,
        0.8076985677083334,
        0.8504231770833334,
        0.846923828125,
        0.8450520833333334
      ],
      "std": [
        0.01220703125,
        0.024339757802805354,
        0.10115572989985491,
        0.06320282690698056,
        0.11961827652604293,
        0.0323221862297372,
        0.10316250308606471,
        0.11119657779218117,
        0.10087509320399357,
        0.125781925007422,
        0.10567639165946173,
        0.10296809143360057,
        0.09144445274876242,
        0.056378808125294715,
        0.06146705910329154,
        0.07177425271181165,
        0.05485490879243074,
        0.12983918313692722,
        0.06941765162397708,
        0.05975596364371657,
        0.03576768939288294
      ],
      "sem": [
        0.005459150335692847,
        0.01088507060059074,
        0.045238217673936716,
        0.028265163466832263,
        0.05349491953271988,
        0.014454921118220006,
        0.046135673925894516,
        0.049728621361732124,
        0.045112713128151335,
        0.056251386931475265,
        0.04725991907348965,
        0.04604873039178893,
        0.04089520250230006,
        0.025213369491715296,
        0.027488904506391437,
        0.0320984216195719,
        0.02453186099188521,
        0.05806584792744273,
        0.031044517573922285,
        0.02672367935367126,
        0.01599579697611689
      ]
    },
    "ablate_temporal": {
      "mean": [
        0.5,
        0.49072265625,
        0.5161946614583334,
        0.5089518229166666,
        0.545654296875,
        0.5406901041666666,
        0.6009928385416666,
        0.5796712239583334,
        0.62353515625,
        0.60107421875,
        0.57080078125,
        0.6909993489583334,
        0.7123209635416666,
        0.6077473958333334,
        0.6080729166666666,
        0.632568359375,
        0.604248046875,
        0.6763509114583334,
        0.6705729166666666,
        0.7022298177083334,
        0.6695149739583334
      ],
      "std": [
        0.01220703125,
        0.03389952140177692,
        0.02498902503817494,
        0.013158452429301911,
        0.0512096236676551,
        0.0742790468016077,
        0.10324865178461316,
        0.06887905646300285,
        0.09456072051060473,
        0.12745169528628347,
        0.101478346170079,
        0.13457041191216748,
        0.10810346056872429,
        0.0789324256445271,
        0.10858620694413512,
        0.09524937191119495,
        0.09736967636527355,
        0.09519414867019627,
        0.07660968736348055,
        0.1089415970269769,
        0.07207534988382497
      ],
      "sem": [
        0.005459150335692847,
        0.01516032685181643,
        0.011175431735360689,
        0.005884638822123265,
        0.022901639924611784,
        0.03321859959045663,
        0.04617420079512001,
        0.03080365049546412,
        0.04228883981261416,
        0.05699813090154388,
        0.04538249605611042,
        0.060181717759150787,
        0.04834533728692712,
        0.03529965387402205,
        0.04856122802918918,
        0.0425968140815182,
        0.043545043059981255,
        0.04257211749735602,
        0.03426089373594983,
        0.048720163305941866,
        0.03223307636846284
      ]
    },
    "ablate_spatial": {
      "mean": [
        0.5,
        0.4908040364583333,
        0.5127766927083334,
        0.5094401041666666,
        0.5439453125,
        0.5423990885416666,
        0.5984700520833334,
        0.5799153645833334,
        0.618896484375,
        0.5974934895833334,
        0.5673014322916666,
        0.6901041666666666,
        0.7102864583333334,
        0.6139322916666666,
        0.61328125,
        0.637939453125,
        0.5986328125,
        0.6845703125,
        0.6737467447916666,
        0.6969401041666666,
        0.6810709635416666
      ],
      "std": [
        0.01220703125,
        0.03352044755276255,
        0.02154424782494352,
        0.01369704095050081,
        0.050999879924159094,
        0.07676241803986479,
        0.1027615187789353,
        0.06460563520714056,
        0.08845339844484015,
        0.13038165954116238,
        0.09484034954457302,
        0.1347625781220083,
        0.10709944607523858,
        0.08873503270746717,
        0.11478521883949147,
        0.10110949700735818,
        0.09532328893748394,
        0.09851954033634297,
        0.06342421761672039,
        0.11371666257887063,
        0.06976752361786494
      ],
      "sem": [
        0.005459150335692847,
        0.01499079987283871,
        0.009634880532135142,
        0.00612550293118363,
        0.022807839670949313,
        0.03432919697087877,
        0.045956348292164106,
        0.028892518410544007,
        0.03955756235270736,
        0.05830845075065462,
        0.042413893718301295,
        0.06026765710078729,
        0.04789632835536131,
        0.039683513023912764,
        0.05133351042745849,
        0.04521754169585289,
        0.04262987078061357,
        0.044059277860819084,
        0.028364172402145303,
        0.05085563754015226,
        0.03120098508627361
      ]
    }
  },
  "n_seeds": 6
}