{
  "steps": [
    0,
    100,
    200,
    300,
    400,
    500,
    600,
    700,
    800,
    900,
    1000,
    1100,
    1200,
    1300,
    1400,
    1500
  ],
  "curves": {
    "bptt": {
      "mean": [
        0.478515625,
        0.521484375,
        0.521484375,
        0.6975911458333334,
        0.6243489583333334,
        0.8043619791666666,
        0.8173828125,
        0.8805338541666666,
        0.9143880208333334,
        0.9973958333333334,
        0.9986979166666666,
        0.9996744791666666,
        0.9996744791666666,
        1.0,
        1.0,
        1.0
      ],
      "std": [
        0.0,
        0.0,
        0.0,
        0.1333626714854079,
        0.20623947784607635,
        0.1485666527405532,
        0.12926825353531435,
        0.14675394755709098,
        0.11627338060364835,
        0.0030187560206691743,
        0.0018414239093399675,
        0.0004603559773349919,
        0.0004603559773349919,
        0.0,
        0.0,
        0.0
      ]
    },
    "full": {
      "mean": [
        0.478515625,
        0.521484375,
        0.521484375,
        0.5107421875,
        0.478515625,
        0.521484375,
        0.5237630208333334,
        0.7210286458333334,
        0.6979166666666666,
        0.8294270833333334,
        0.6634114583333334,
        0.8317057291666666,
        0.8359375,
        0.7805989583333334,
        0.8548177083333334,
        0.8834635416666666
      ],
      "std": [
        0.0,
        0.0,
        0.0,
        0.01885212530673211,
        0.0,
        0.0,
        0.002563153604821553,
        0.09295429648093999,
        0.05596497460648038,
        0.013749161511681561,
        0.04419657144650327,
        0.05040635184708489,
        0.033894832346992504,
        0.08053466993826927,
        0.016347499387356405,
        0.017181827109891464
      ]
    },
    "ablate_temporal": {
      "mean": [
        0.478515625,
        0.5211588541666666,
        0.5218098958333334,
        0.5110677083333334,
        0.478515625,
        0.521484375,
        0.521484375,
        0.6897786458333334,
        0.7132161458333334,
        0.521484375,
        0.482421875,
        0.5455729166666666,
        0.7652994791666666,
        0.7496744791666666,
        0.5026041666666666,
        0.748046875
      ],
      "std": [
        0.0,
        0.0004603559773349919,
        0.0004603559773349919,
        0.015093780103345873,
        0.0,
        0.0,
        0.0,
        0.11447693479825073,
        0.08155060286328637,
        0.0,
        0.002392079826936697,
        0.013397861736495232,
        0.08764553984567275,
        0.08886301405798488,
        0.02516846585947618,
        0.08371519969414593
      ]
    },
    "ablate_spatial": {
      "mean": [
        0.478515625,
        0.5211588541666666,
        0.5218098958333334,
        0.5146484375,
        0.478515625,
        0.521484375,
        0.521484375,
        0.6966145833333334,
        0.720703125,
        0.521484375,
        0.4817708333333333,
        0.5491536458333334,
        0.7669270833333334,
        0.7610677083333334,
        0.4996744791666667,
        0.744140625
      ],
      "std": [
        0.0,
        0.0004603559773349919,
        0.0004603559773349919,
        0.018648679150263678,
        0.0,
        0.0,
        0.0,
        0.11259539292108248,
        0.08484674138181135,
        0.0,
        0.0009207119546699837,
        0.013397861736495232,
        0.09208500511067282,
        0.09483668337839746,
        0.017365857641079608,
        0.0816739490402106
      ]
    }
  }
}