{
  "pilot_seeds": [
    0,
    1,
    2,
    3,
    4,
    5,
    6,
    7,
    8,
    9
  ],
  "powers": {
    "4": [
      0.0,
      0.0,
      0.0
    ],
    "5": [
      0.0,
      0.0,
      0.0
    ],
    "6": [
      0.0,
      0.0,
      0.0
    ],
    "7": [
      0.0,
      0.0,
      0.0
    ],
    "8": [
      1.0,
      1.0,
      1.0
    ],
    "9": [
      1.0,
      1.0,
      1.0
    ],
    "10": [
      1.0,
      1.0,
      1.0
    ],
    "11": [
      1.0,
      1.0,
      1.0
    ],
    "12": [
      1.0,
      1.0,
      1.0
    ],
    "13": [
      1.0,
      1.0,
      1.0
    ],
    "14": [
      1.0,
      1.0,
      1.0
    ],
    "15": [
      1.0,
      1.0,
      1.0
    ],
    "16": [
      1.0,
      1.0,
      1.0
    ],
    "17": [
      1.0,
      1.0,
      1.0
    ],
    "18": [
      1.0,
      1.0,
      1.0
    ],
    "19": [
      1.0,
      1.0,
      1.0
    ],
    "20": [
      1.0,
      1.0,
      1.0
    ]
  },
  "nstar": 8,
  "pilot_acc": {
    "full": {
      "0": 0.805908203125,
      "1": 0.82177734375,
      "2": 0.858642578125,
      "3": 0.916259765625,
      "4": 0.85888671875,
      "5": 0.810791015625,
      "6": 0.867919921875,
      "7": 0.827392578125,
      "8": 0.8994140625,
      "9": 0.901123046875
    },
    "ablate_temporal": {
      "0": 0.5849609375,
      "1": 0.703125,
      "2": 0.62841796875,
      "3": 0.779052734375,
      "4": 0.71044921875,
      "5": 0.5751953125,
      "6": 0.71337890625,
      "7": 0.583740234375,
      "8": 0.599853515625,
      "9": 0.79833984375
    },
    "ablate_spatial": {
      "0": 0.5927734375,
      "1": 0.742431640625,
      "2": 0.658447265625,
      "3": 0.76611328125,
      "4": 0.72265625,
      "5": 0.580322265625,
      "6": 0.719482421875,
      "7": 0.60205078125,
      "8": 0.588134765625,
      "9": 0.8134765625
    },
    "bptt": {
      "0": 1.0,
      "1": 1.0,
      "2": 0.999755859375,
      "3": 1.0,
      "4": 1.0,
      "5": 0.999267578125,
      "6": 1.0,
      "7": 1.0,
      "8": 1.0,
      "9": 1.0
    }
  }
}