{
  "bptt": {
    "4": [
      0.9998372395833334,
      0.00016276041666666668
    ],
    "8": [
      1.0,
      0.0
    ],
    "12": [
      0.9326171875,
      0.0673828125
    ],
    "16": [
      0.9996744791666666,
      0.00016276041666666668
    ]
  },
  "full": {
    "4": [
      0.9143880208333334,
      0.008230271406100607
    ],
    "8": [
      0.8885091145833334,
      0.013742416294148239
    ],
    "12": [
      0.8611653645833334,
      0.017410800609133976
    ],
    "16": [
      0.80224609375,
      0.021578495892562846
    ]
  },
  "ablate_temporal": {
    "4": [
      0.7918294270833334,
      0.03844144695799988
    ],
    "8": [
      0.7415364583333334,
      0.04822572194616972
    ],
    "12": [
      0.6627604166666666,
      0.038246620067674215
    ],
    "16": [
      0.5851236979166666,
      0.017651065151408716
    ]
  },
  "ablate_spatial": {
    "4": [
      0.7975260416666666,
      0.04390400016091547
    ],
    "8": [
      0.7430013020833334,
      0.049747475735231556
    ],
    "12": [
      0.673828125,
      0.04039574517484229
    ],
    "16": [
      0.5927734375,
      0.016810874132389787
    ]
  }
}