{
  "bptt": {
    "4": [
      1.0,
      0.0
    ],
    "8": [
      1.0,
      0.0
    ],
    "12": [
      1.0,
      0.0
    ],
    "16": [
      1.0,
      0.0
    ]
  },
  "full": {
    "4": [
      0.9537760416666666,
      0.03173786391285444
    ],
    "8": [
      0.9075520833333334,
      0.0048719497223619025
    ],
    "12": [
      0.8834635416666666,
      0.017181827109891464
    ],
    "16": [
      0.8636067708333334,
      0.01546823485744365
    ]
  },
  "ablate_temporal": {
    "4": [
      0.7867838541666666,
      0.019763163068568408
    ],
    "8": [
      0.79296875,
      0.0684198021613588
    ],
    "12": [
      0.748046875,
      0.08371519969414593
    ],
    "16": [
      0.6712239583333334,
      0.0754014749137066
    ]
  },
  "ablate_spatial": {
    "4": [
      0.822265625,
      0.05246240632251286
    ],
    "8": [
      0.7848307291666666,
      0.07183471140236651
    ],
    "12": [
      0.744140625,
      0.0816739490402106
    ],
    "16": [
      0.6673177083333334,
      0.06716939204060905
    ]
  }
}