{"eval_steps": [0, 20, 40, 60, 80, 100, 120, 140, 160, 180, 200, 220, 240, 260, 280, 300, 320, 340, 360, 380, 400, 420, 440, 460, 480, 500, 520, 540, 560, 580, 600, 620, 640, 660, 680, 700, 720, 740, 760, 780, 800, 820, 840, 860, 880, 900, 920, 940, 960, 980, 999], "n_seeds": 8, "delay": 50, "threshold": 0.9, "curves": {"BPTT": [[0.5450000166893005, 0.8700000047683716, 0.8500000238418579, 0.8700000047683716, 0.9350000023841858, 0.9150000214576721, 0.9449999928474426, 0.9599999785423279, 0.9549999833106995, 0.9300000071525574, 0.925000011920929, 0.9449999928474426, 0.9449999928474426, 0.9700000286102295, 0.9649999737739563, 0.9549999833106995, 0.9599999785423279, 0.9549999833106995, 0.9850000143051147, 0.9750000238418579, 0.9449999928474426, 0.9750000238418579, 0.9700000286102295, 0.9700000286102295, 0.9449999928474426, 0.949999988079071, 0.9750000238418579, 0.9800000190734863, 0.9750000238418579, 0.9649999737739563, 0.9649999737739563, 0.9750000238418579, 0.9700000286102295, 0.9549999833106995, 0.9850000143051147, 0.9599999785423279, 0.9850000143051147, 0.9649999737739563, 0.9700000286102295, 0.9649999737739563, 0.9900000095367432, 0.9750000238418579, 0.949999988079071, 0.9850000143051147, 0.9750000238418579, 0.9700000286102295, 0.9750000238418579, 0.9700000286102295, 0.9750000238418579, 0.9599999785423279, 0.9750000238418579], [0.5550000071525574, 0.824999988079071, 0.8399999737739563, 0.8949999809265137, 0.8899999856948853, 0.9100000262260437, 0.9100000262260437, 0.9100000262260437, 0.9449999928474426, 0.9599999785423279, 0.9700000286102295, 0.9750000238418579, 0.9700000286102295, 0.9700000286102295, 0.9950000047683716, 0.949999988079071, 0.9649999737739563, 0.9300000071525574, 0.9599999785423279, 0.9800000190734863, 0.9649999737739563, 0.9599999785423279, 0.9649999737739563, 0.9700000286102295, 0.9599999785423279, 0.9649999737739563, 0.9750000238418579, 0.9649999737739563, 0.9350000023841858, 0.9750000238418579, 0.9649999737739563, 0.9649999737739563, 0.9649999737739563, 0.9800000190734863, 0.9649999737739563, 0.9700000286102295, 0.9700000286102295, 0.9900000095367432, 0.9599999785423279, 0.9800000190734863, 0.9900000095367432, 0.949999988079071, 0.9800000190734863, 0.9850000143051147, 0.9750000238418579, 0.9900000095367432, 0.9649999737739563, 0.9750000238418579, 0.9700000286102295, 0.9700000286102295, 0.9850000143051147], [0.5149999856948853, 0.9049999713897705, 0.8899999856948853, 0.8550000190734863, 0.8500000238418579, 0.9300000071525574, 0.9549999833106995, 0.9750000238418579, 0.949999988079071, 0.949999988079071, 0.9599999785423279, 0.9449999928474426, 0.9200000166893005, 0.9700000286102295, 0.9399999976158142, 0.9449999928474426, 0.9800000190734863, 0.9599999785423279, 0.9649999737739563, 0.9599999785423279, 0.9350000023841858, 0.9599999785423279, 0.9649999737739563, 0.9649999737739563, 0.9649999737739563, 0.9750000238418579, 0.9750000238418579, 0.9599999785423279, 0.9399999976158142, 0.949999988079071, 0.9549999833106995, 0.9850000143051147, 0.9750000238418579, 0.9700000286102295, 0.9649999737739563, 0.9649999737739563, 0.9649999737739563, 0.9599999785423279, 0.9750000238418579, 0.9750000238418579, 0.9700000286102295, 0.9649999737739563, 0.9800000190734863, 0.9599999785423279, 0.9599999785423279, 0.9850000143051147, 0.9750000238418579, 0.9800000190734863, 0.9599999785423279, 0.9800000190734863, 0.9700000286102295], [0.5199999809265137, 0.949999988079071, 0.8650000095367432, 0.8600000143051147, 0.8999999761581421, 0.9049999713897705, 0.925000011920929, 0.9599999785423279, 0.9399999976158142, 0.9750000238418579, 0.9549999833106995, 0.9700000286102295, 0.949999988079071, 0.9800000190734863, 0.9599999785423279, 0.949999988079071, 0.949999988079071, 0.9700000286102295, 0.9350000023841858, 0.9449999928474426, 0.949999988079071, 0.9700000286102295, 0.9700000286102295, 0.9449999928474426, 0.9449999928474426, 0.9700000286102295, 0.9750000238418579, 0.9750000238418579, 0.9449999928474426, 0.9900000095367432, 0.9750000238418579, 0.949999988079071, 0.9649999737739563, 0.9700000286102295, 0.9599999785423279, 0.9850000143051147, 0.9850000143051147, 0.9700000286102295, 0.9900000095367432, 0.9649999737739563, 0.9750000238418579, 0.9900000095367432, 0.9800000190734863, 0.9700000286102295, 0.9649999737739563, 0.9350000023841858, 0.9750000238418579, 0.9850000143051147, 0.9800000190734863, 0.9700000286102295, 0.9599999785423279], [0.5199999809265137, 0.9200000166893005, 0.8849999904632568, 0.8849999904632568, 0.8849999904632568, 0.8949999809265137, 0.9399999976158142, 0.949999988079071, 0.9599999785423279, 0.9200000166893005, 0.9649999737739563, 0.9599999785423279, 0.9700000286102295, 0.9750000238418579, 0.9449999928474426, 0.9599999785423279, 0.949999988079071, 0.949999988079071, 0.9599999785423279, 0.9750000238418579, 0.9800000190734863, 0.9549999833106995, 0.9750000238418579, 0.949999988079071, 0.9200000166893005, 0.9750000238418579, 0.9750000238418579, 0.9549999833106995, 0.9850000143051147, 0.9599999785423279, 0.9700000286102295, 0.9850000143051147, 0.949999988079071, 0.9549999833106995, 0.9649999737739563, 0.9950000047683716, 0.9700000286102295, 0.9750000238418579, 0.9750000238418579, 0.9800000190734863, 0.9750000238418579, 0.9850000143051147, 0.9599999785423279, 0.949999988079071, 0.9750000238418579, 0.9850000143051147, 0.9399999976158142, 0.9800000190734863, 0.9599999785423279, 0.9449999928474426, 0.9649999737739563], [0.42500001192092896, 0.9549999833106995, 0.8500000238418579, 0.8949999809265137, 0.9049999713897705, 0.9350000023841858, 0.9300000071525574, 0.9300000071525574, 0.9649999737739563, 0.9449999928474426, 0.8899999856948853, 0.9800000190734863, 0.9300000071525574, 0.9350000023841858, 0.9700000286102295, 0.9649999737739563, 0.9599999785423279, 0.9399999976158142, 0.9649999737739563, 0.9850000143051147, 0.949999988079071, 0.9449999928474426, 0.9549999833106995, 0.9750000238418579, 0.9700000286102295, 0.9549999833106995, 0.9649999737739563, 0.9649999737739563, 0.9750000238418579, 0.949999988079071, 0.9599999785423279, 0.9750000238418579, 0.9800000190734863, 0.9850000143051147, 0.9750000238418579, 0.9700000286102295, 0.9599999785423279, 0.9700000286102295, 0.9900000095367432, 0.9750000238418579, 0.9649999737739563, 0.9649999737739563, 0.9750000238418579, 0.9599999785423279, 0.9850000143051147, 0.9850000143051147, 0.9700000286102295, 0.9750000238418579, 0.9750000238418579, 0.9900000095367432, 0.9850000143051147], [0.5049999952316284, 0.7850000262260437, 0.8949999809265137, 0.8600000143051147, 0.9200000166893005, 0.9599999785423279, 0.949999988079071, 0.9100000262260437, 0.9300000071525574, 0.9649999737739563, 0.949999988079071, 0.9399999976158142, 0.9750000238418579, 0.9549999833106995, 0.9449999928474426, 0.949999988079071, 0.949999988079071, 0.9750000238418579, 0.9649999737739563, 0.9649999737739563, 0.9399999976158142, 0.9649999737739563, 0.9399999976158142, 0.9549999833106995, 0.9700000286102295, 0.9399999976158142, 0.9850000143051147, 0.9800000190734863, 0.9800000190734863, 0.9649999737739563, 0.9750000238418579, 0.9300000071525574, 0.9549999833106995, 0.9800000190734863, 0.9750000238418579, 0.9700000286102295, 0.9700000286102295, 0.9950000047683716, 0.9750000238418579, 0.9850000143051147, 0.9750000238418579, 0.9750000238418579, 0.9950000047683716, 0.9900000095367432, 0.9900000095367432, 0.9700000286102295, 0.9800000190734863, 0.9800000190734863, 0.9549999833106995, 0.9850000143051147, 0.9750000238418579], [0.4699999988079071, 0.8199999928474426, 0.8799999952316284, 0.8849999904632568, 0.8999999761581421, 0.9150000214576721, 0.9300000071525574, 0.9399999976158142, 0.9549999833106995, 0.9449999928474426, 0.9449999928474426, 0.9700000286102295, 0.9700000286102295, 0.9850000143051147, 0.9649999737739563, 0.9649999737739563, 0.9449999928474426, 0.9549999833106995, 0.9800000190734863, 0.949999988079071, 0.9599999785423279, 0.9449999928474426, 0.9599999785423279, 0.9599999785423279, 0.9649999737739563, 0.9599999785423279, 0.9700000286102295, 