{"delays": [10, 25, 50, 100, 200], "n_avg": 8, "cos_full_mean": [0.9375151619315147, 0.922449603676796, 0.899795837700367, 0.8541139140725136, 0.7721000239253044], "cos_full_ci": [0.012079485948255017, 0.008757827384122811, 0.01620553896177632, 0.021199708209385996, 0.032373658817782654], "cos_out_mean": [1.0000000074505806, 1.0000000149011612, 0.9999999850988388, 0.9999999925494194, 0.9999999776482582], "cos_out_ci": [7.132723747548539e-08, 2.9206275939941406e-08, 5.294087099024453e-08, 6.413041534577356e-08, 5.379711312508189e-08]}