{"depths": [1, 2, 3], "delays": [2, 5, 10], "cosines": {"deep-eprop": {"2": [0.8765392724672953, 0.7787219079832236, 0.7181795549889407], "5": [0.8481411377588908, 0.7536219040552775, 0.6918737285064928], "10": [0.873035056591034, 0.7319706241289775, 0.662323620915413]}, "d=0": {"2": [0.8743531473477681, 0.7759178092082342, 0.7140063896323695], "5": [0.8466707626978555, 0.751347155123949, 0.6832335131637978], "10": [0.8694118054707844, 0.7279394288857778, 0.6566621984947811]}}}