{"alphas": [0.05, 0.1, 0.2, 0.5, 1.0], "cos_ep": [0.995468834373686, 0.9829737828837499, 0.9427836815516153, 0.8221019983291626, 0.766685626241896], "cos_d0": [0.9103306280242072, 0.9037109666400486, 0.8777203447288936, 0.7972063501675923, 0.7650530325041875]}