{"steps": [0, 100, 200, 300, 400, 500, 600, 700, 800, 900, 1000, 1100, 1200, 1300, 1400, 1500, 1600, 1700, 1800, 1900], "curves": {"5": {"e-prop": [0.2568359375, 0.2568359375, 0.2568359375, 0.2568359375, 0.5146484375, 0.4951171875, 0.4951171875, 0.7431640625, 0.7431640625, 1.0, 1.0, 1.0, 1.0, 0.7431640625, 1.0, 1.0, 1.0, 1.0, 1.0, 1.0], "d=0": [0.2568359375, 0.2568359375, 0.2568359375, 0.2568359375, 0.5146484375, 0.2578125, 0.4951171875, 0.4951171875, 0.7431640625, 0.7431640625, 0.7431640625, 0.7431640625, 0.7431640625, 0.7431640625, 1.0, 1.0, 1.0, 1.0, 1.0, 1.0], "BPTT": [0.2568359375, 0.2568359375, 0.2568359375, 0.2568359375, 0.751953125, 0.4951171875, 0.4951171875, 0.7431640625, 0.7431640625, 1.0, 1.0, 1.0, 1.0, 1.0, 1.0, 1.0, 1.0, 1.0, 1.0, 1.0]}, "20": {"e-prop": [0.265625, 0.265625, 0.2470703125, 0.4873046875, 0.484375, 0.734375, 0.2470703125, 0.484375, 0.484375, 1.0, 0.734375, 0.734375, 0.734375, 0.484375, 1.0, 0.734375, 1.0, 1.0, 1.0, 1.0], "d=0": [0.265625, 0.265625, 0.2470703125, 0.4873046875, 0.2373046875, 0.734375, 0.2470703125, 0.484375, 0.2470703125, 0.5126953125, 0.4873046875, 0.734375, 0.734375, 0.2470703125, 0.734375, 0.484375, 1.0, 0.734375, 0.734375, 0.734375], "BPTT": [0.265625, 0.265625, 0.2470703125, 0.4873046875, 0.484375, 0.734375, 0.5126953125, 0.484375, 0.734375, 1.0, 0.734375, 0.734375, 0.734375, 0.734375, 1.0, 1.0, 1.0, 1.0, 1.0, 1.0]}}}