{"alphas": [0.05, 0.1, 0.2, 0.5, 1.0], "cos_ep": [0.9954257210095724, 0.9828019036187068, 0.9426952726311154, 0.8216141164302826, 0.7662576218446097], "cos_d0": [0.9105895181496939, 0.9038931985696158, 0.8781839642259809, 0.7965827630625832, 0.7645919905768502]}