{"steps": [0, 50, 100, 150, 200, 250, 300, 350, 400, 450, 500, 550, 600, 650, 700, 750, 800, 850, 900, 950], "curves": {"e-prop": [0.2890625, 0.2109375, 0.2734375, 0.2734375, 0.2734375, 0.2109375, 0.21875, 0.25, 0.171875, 0.2890625, 0.2734375, 0.28125, 0.2578125, 0.2578125, 0.2265625, 0.28125, 0.3046875, 0.3125, 0.1796875, 0.203125], "d=0": [0.2890625, 0.2109375, 0.2734375, 0.2734375, 0.2734375, 0.2109375, 0.21875, 0.25, 0.171875, 0.2890625, 0.2734375, 0.28125, 0.2578125, 0.0, 0.0, 0.0, 0.3046875, 0.3125, 0.1796875, 0.203125], "BPTT": [0.2890625, 0.2109375, 0.2734375, 0.2734375, 0.2734375, 0.2109375, 0.21875, 0.25, 0.171875, 0.2890625, 0.2734375, 0.28125, 0.2578125, 0.25, 0.2890625, 0.2265625, 0.21875, 0.2265625, 0.296875, 0.2421875]}}