{
  "bptt": {
    "steps": [
      0,
      100,
      200,
      300,
      400,
      500,
      600,
      700,
      800,
      900,
      1000,
      1100,
      1200,
      1300,
      1400,
      1500,
      1600,
      1700,
      1800,
      1900,
      2000,
      2100,
      2200,
      2300,
      2400,
      2500,
      2600,
      2700,
      2800,
      2900,
      3000,
      3100,
      3200,
      3300,
      3400,
      3500,
      3600,
      3700,
      3800,
      3900,
      4000,
      4100,
      4200,
      4300,
      4400,
      4500,
      4600,
      4700,
      4800,
      4900
    ],
    "train": [
      0.078125,
      0.203125,
      0.21875,
      0.265625,
      0.21875,
      0.234375,
      0.28125,
      0.421875,
      0.125,
      0.40625,
      0.40625,
      0.375,
      0.40625,
      0.390625,
      0.421875,
      0.578125,
      0.546875,
      0.625,
      0.546875,
      0.59375,
      0.484375,
      0.515625,
      0.515625,
      0.609375,
      0.609375,
      0.671875,
      0.546875,
      0.671875,
      0.5625,
      0.515625,
      0.65625,
      0.59375,
      0.765625,
      0.65625,
      0.75,
      0.8125,
      0.6875,
      0.703125,
      0.671875,
      0.703125,
      0.78125,
      0.75,
      0.75,
      0.765625,
      0.640625,
      0.75,
      0.6875,
      0.78125,
      0.71875,
      0.8125
    ],
    "test": [
      0.05123674911660778,
      0.1329505300353357,
      0.21819787985865724,
      0.1704946996466431,
      0.21819787985865724,
      0.2504416961130742,
      0.2778268551236749,
      0.2879858657243816,
      0.17226148409893993,
      0.3489399293286219,
      0.3568904593639576,
      0.31757950530035334,
      0.4006183745583039,
      0.4200530035335689,
      0.4302120141342756,
      0.40724381625441697,
      0.4818904593639576,
      0.44037102473498235,
      0.3917844522968198,
      0.4363957597173145,
      0.43374558303886923,
      0.47659010600706714,
      0.40636042402826855,
      0.5039752650176679,
      0.4637809187279152,
      0.502208480565371,
      0.46863957597173145,
      0.5291519434628975,
      0.4642226148409894,
      0.5035335689045937,
      0.5189929328621908,
      0.549469964664311,
      0.5295936395759717,
      0.5547703180212014,
      0.5821554770318021,
      0.5490282685512368,
      0.5724381625441696,
      0.5768551236749117,
      0.5936395759717314,
      0.5887809187279152,
      0.5936395759717314,
      0.5984982332155477,
      0.6051236749116607,
      0.5971731448763251,
      0.5998233215547704,
      0.5901060070671378,
      0.6033568904593639,
      0.6024734982332155,
      0.6042402826855123,
      0.598939929328622
    ]
  },
  "eprop": {
    "steps": [
      0,
      100,
      200,
      300,
      400,
      500,
      600,
      700,
      800,
      900,
      1000,
      1100,
      1200,
      1300,
      1400,
      1500,
      1600,
      1700,
      1800,
      1900,
      2000,
      2100,
      2200,
      2300,
      2400,
      2500,
      2600,
      2700,
      2800,
      2900,
      3000,
      3100,
      3200,
      3300,
      3400,
      3500,
      3600,
      3700,
      3800,
      3900,
      4000,
      4100,
      4200,
      4300,
      4400,
      4500,
      4600,
      4700,
      4800,
      4900
    ],
    "train": [
      0.109375,
      0.046875,
      0.125,
      0.078125,
      0.109375,
      0.203125,
      0.109375,
      0.078125,
      0.109375,
      0.125,
      0.171875,
      0.140625,
      0.203125,
      0.109375,
      0.171875,
      0.125,
      0.1875,
      0.125,
      0.1875,
      0.09375,
      0.125,
      0.109375,
      0.203125,
      0.171875,
      0.25,
      0.140625,
      0.1875,
      0.125,
      0.125,
      0.15625,
      0.203125,
      0.0625,
      0.1875,
      0.25,
      0.1875,
      0.1875,
      0.140625,
      0.1875,
      0.203125,
      0.15625,
      0.1875,
      0.171875,
      0.203125,
      0.203125,
      0.15625,
      0.1875,
      0.1875,
      0.15625,
      0.09375,
      0.125
    ],
    "test": [
      0.05079505300353357,
      0.04946996466431095,
      0.09098939929328621,
      0.13604240282685512,
      0.12455830388692579,
      0.13074204946996468,
      0.12411660777385158,
      0.09584805653710247,
      0.13030035335689047,
      0.127208480565371,
      0.14001766784452296,
      0.14045936395759717,
      0.18992932862190812,
      0.16166077738515902,
      0.17667844522968199,
      0.17667844522968199,
      0.18418727915194347,
      0.17535335689045936,
      0.22040636042402828,
      0.1978798586572438,
      0.18462897526501768,
      0.20318021201413428,
      0.1965547703180212,
      0.20715547703180212,
      0.21068904593639576,
      0.1855123674911661,
      0.17137809187279152,
      0.14840989399293286,
      0.1687279151943463,
      0.1696113074204947,
      0.18021201413427562,
      0.16696113074204946,
      0.19302120141342757,
      0.1855123674911661,
      0.1771201413427562,
      0.17181978798586572,
      0.1784452296819788,
      0.18109540636042404,
      0.18197879858657243,
      0.19522968197879859,
      0.20185512367491165,
      0.2053886925795053,
      0.19832155477031801,
      0.19257950530035337,
      0.19081272084805653,
      0.19257950530035337,
      0.20759717314487633,
      0.2067137809187279,
      0.20362190812720848,
      0.20185512367491165
    ]
  },
  "d0": {
    "steps": [
      0,
      100,
      200,
      300,
      400,
      500,
      600,
      700,
      800,
      900,
      1000,
      1100,
      1200,
      1300,
      1400,
      1500,
      1600,
      1700,
      1800,
      1900,
      2000,
      2100,
      2200,
      2300,
      2400,
      2500,
      2600,
      2700,
      2800,
      2900,
      3000,
      3100,
      3200,
      3300,
      3400,
      3500,
      3600,
      3700,
      3800,
      3900,
      4000,
      4100,
      4200,
      4300,
      4400,
      4500,
      4600,
      4700,
      4800,
      4900
    ],
    "train": [
      0.125,
      0.046875,
      0.03125,
      0.0625,
      0.125,
      0.125,
      0.078125,
      0.125,
      0.109375,
      0.109375,
      0.125,
      0.078125,
      0.09375,
      0.140625,
      0.0625,
      0.109375,
      0.15625,
      0.140625,
      0.15625,
      0.09375,
      0.140625,
      0.140625,
      0.21875,
      0.171875,
      0.171875,
      0.09375,
      0.0625,
      0.171875,
      0.125,
      0.15625,
      0.15625,
      0.140625,
      0.125,
      0.109375,
      0.078125,
      0.140625,
      0.1875,
      0.09375,
      0.09375,
      0.21875,
      0.109375,
      0.140625,
      0.078125,
      0.15625,
      0.171875,
      0.171875,
      0.1875,
      0.09375,
      0.171875,
      0.078125
    ],