{
  "seed": 0,
  "modes": [
    "full",
    "ablate_temporal",
    "ablate_spatial"
  ],
  "margin": [
    0,
    0,
    0,
    0,
    1,
    0,
    1,
    0,
    0,
    0,
    0,
    0,
    0,
    0,
    0,
    1,
    0,
    0,
    1,
    0,
    0,
    0,
    0,
    0
  ],
  "label": [
    1,
    1,
    0,
    1,
    1,
    0,
    0,
    1,
    0,
    1,
    0,
    1,
    0,
    0,
    0,
    1,
    0,
    1,
    1,
    1,
    0,
    0,
    0,
    0
  ],
  "per_mode": {
    "full": {
      "proj": [
        [
          -0.986451268196106,
          0.03987976908683777
        ],
        [
          -0.9789042472839355,
          -0.05841873586177826
        ],
        [
          0.8446995615959167,
          0.02535194717347622
        ],
        [
          -0.9868507385253906,
          -0.020630337297916412
        ],
        [
          -1.0069067478179932,
          0.008805762976408005
        ],
        [
          0.844460666179657,
          0.009115167893469334
        ],
        [
          0.8525632619857788,
          0.017590854316949844
        ],
        [
          -0.9877890944480896,
          -0.020685382187366486
        ],
        [
          0.8375896215438843,
          0.003735588863492012
        ],
        [
          -0.9833861589431763,
          0.038765426725149155
        ],
        [
          0.8392060995101929,
          -0.0005831792950630188
        ],
        [
          -0.9882786273956299,
          -0.031505391001701355
        ],
        [
          0.8480725884437561,
          0.037901800125837326
        ],
        [
          0.836161732673645,
          -0.013072473928332329
        ],
        [
          0.8382992744445801,
          0.004390701651573181
        ],
        [
          -1.003710150718689,
          -0.017836371436715126
        ],
        [
          0.8227975964546204,
          -0.03658133000135422
        ],
        [
          -0.9910017251968384,
          0.017368856817483902
        ],
        [
          -0.9844732284545898,
          0.023718491196632385
        ],
        [
          -0.9986517429351807,
          0.02139798365533352
        ],
        [
          0.8253955245018005,
          -0.04069142043590546
        ],
        [
          0.8369024395942688,
          -0.007660566829144955
        ],
        [
          0.8346426486968994,
          0.005047934129834175
        ],
        [
          0.8356122970581055,
          -0.005405254662036896
        ]
      ],
      "explained_variance_ratio": [
        0.998758852481842,
        0.0007945240940898657
      ],
      "margin_decode_acc": 0.7
    },
    "ablate_temporal": {
      "proj": [
        [
          -0.0721418485045433,
          0.0025206098798662424
        ],
        [
          -0.06453739106655121,
          -0.0012582297204062343
        ],
        [
          0.06134094297885895,
          -0.0012692958116531372
        ],
        [
          -0.07072223722934723,
          0.0025656402576714754
        ],
        [
          -0.0690467581152916,
          -0.0013180793030187488
        ],
        [
          0.059126511216163635,
          0.0007580781821161509
        ],
        [
          0.058663781732320786,
          -0.0025353296659886837
        ],
        [
          -0.06776418536901474,
          -0.0005271444097161293
        ],
        [
          0.05814937874674797,
          0.0008676163270138204
        ],
        [
          -0.07126525789499283,
          -0.0030826772563159466
        ],
        [
          0.05951307713985443,
          5.7389086578041315e-05
        ],
        [
          -0.07020476460456848,
          0.0016082709189504385
        ],
        [
          0.05819738656282425,
          0.00029884843388572335
        ],
        [
          0.05768890306353569,
          0.0009159871842712164
        ],
        [
          0.06030331552028656,
          -0.003501340514048934
        ],
        [
          -0.06969525665044785,
          0.002915504854172468
        ],
        [
          0.056124769151210785,
          0.0043165478855371475
        ],
        [
          -0.0710616409778595,
          0.0026750415563583374
        ],
        [
          -0.0659538134932518,
          -0.00889020785689354
        ],
        [
          -0.06856215000152588,
          0.002242016838863492
        ],
        [
          0.05943666771054268,
          -0.001129306387156248
        ],
        [
          0.05776017904281616,
          0.0033490299247205257
        ],
        [
          0.057328589260578156,
          -0.003479317296296358
        ],
        [
          0.057321697473526,
          0.0019003339111804962
        ]
      ],
      "explained_variance_ratio": [
        0.9962631464004517,
        0.0020254761911928654
      ],
      "margin_decode_acc": 0.625
    },
    "ablate_spatial": null
  }
}