{"delays": [6, 12, 20], "mean": {"6": {"full_low": 0.7930825352668762, "full_up": 0.9585047662258148, "temp_low": 0.6957750525325537, "temp_up": 0.9585047662258148, "spat_low": NaN, "spat_up": 0.9585047662258148, "xshare": 0.9229438565671444}, "12": {"full_low": 0.7599904462695122, "full_up": 0.9432725198566914, "temp_low": 0.7133164070546627, "temp_up": 0.9432725198566914, "spat_low": NaN, "spat_up": 0.9432725198566914, "xshare": 0.9341467916965485}, "20": {"full_low": 0.7264326140284538, "full_up": 0.9229818657040596, "temp_low": 0.6940412670373917, "temp_up": 0.9229818657040596, "spat_low": NaN, "spat_up": 0.9229818657040596, "xshare": 0.9412905424833298}}, "sem": {"6": {"full_low": 0.015248883939709607, "full_up": 0.003614035544238318, "temp_low": 0.03457842733045176, "temp_up": 0.003614035544238318, "spat_low": 0.0, "spat_up": 0.003614035544238318, "xshare": 0.003292603435162188}, "12": {"full_low": 0.019074946594251147, "full_up": 0.004239910789501422, "temp_low": 0.027029672540116664, "temp_up": 0.004239910789501422, "spat_low": 0.0, "spat_up": 0.004239910789501422, "xshare": 0.0026940766182783123}, "20": {"full_low": 0.017231325533556118, "full_up": 0.005344372140870812, "temp_low": 0.018763022973833882, "temp_up": 0.005344372140870812, "spat_low": 0.0, "spat_up": 0.005344372140870812, "xshare": 0.001317717060052571}}, "n": 16}