{"steps": [0, 40, 80, 120, 160, 200, 240, 280, 320, 360, 400, 440, 480, 520, 560, 600, 640, 680, 720, 760, 800, 840, 880, 920, 960, 1000, 1040, 1080, 1120, 1160, 1200, 1240, 1280, 1320, 1360, 1400, 1440, 1480, 1520, 1560, 1600, 1640, 1680, 1720, 1760, 1800, 1840, 1880, 1920, 1960, 2000, 2040, 2080, 2120, 2160, 2200, 2240, 2280, 2320, 2360, 2400, 2440, 2480, 2520, 2560, 2600, 2640, 2680, 2720, 2760, 2800, 2840, 2880, 2920, 2960], "curves": {"e-prop": [0.4609375, 0.484375, 0.5, 0.546875, 0.4375, 0.5, 0.515625, 0.4453125, 0.4921875, 0.5234375, 0.515625, 0.609375, 0.484375, 0.40625, 0.578125, 0.484375, 0.4296875, 0.5, 0.5078125, 0.5859375, 0.4921875, 0.46875, 0.4453125, 0.515625, 0.4296875, 0.5078125, 0.5390625, 0.5234375, 0.5390625, 0.4609375, 0.5078125, 0.5390625, 0.5546875, 0.5, 0.5078125, 0.5, 0.5, 0.5078125, 0.453125, 0.5078125, 0.5859375, 0.5078125, 0.484375, 0.484375, 0.59375, 0.5234375, 0.484375, 0.4609375, 0.5234375, 0.4375, 0.5234375, 0.3984375, 0.5546875, 0.5, 0.5078125, 0.4296875, 0.4765625, 0.5078125, 0.46875, 0.390625, 0.5, 0.4921875, 0.4609375, 0.5, 0.5234375, 0.5625, 0.515625, 0.546875, 0.4453125, 0.4921875, 0.5390625, 0.4140625, 0.4921875, 0.5234375, 0.46875], "d=0": [0.4609375, 0.484375, 0.5, 0.546875, 0.4375, 0.5, 0.515625, 0.4453125, 0.4921875, 0.5234375, 0.515625, 0.609375, 0.484375, 0.40625, 0.578125, 0.484375, 0.4296875, 0.5, 0.5078125, 0.5859375, 0.4921875, 0.46875, 0.4453125, 0.515625, 0.4296875, 0.5078125, 0.5390625, 0.5234375, 0.5390625, 0.4609375, 0.5078125, 0.5390625, 0.5546875, 0.5, 0.5078125, 0.5, 0.5, 0.5078125, 0.453125, 0.5078125, 0.5859375, 0.5078125, 0.484375, 0.484375, 0.59375, 0.5234375, 0.484375, 0.4609375, 0.5234375, 0.4375, 0.5234375, 0.3984375, 0.5546875, 0.5, 0.5078125, 0.4296875, 0.4765625, 0.5078125, 0.46875, 0.390625, 0.5, 0.4921875, 0.4609375, 0.5, 0.5234375, 0.5625, 0.515625, 0.546875, 0.4453125, 0.4921875, 0.5390625, 0.4140625, 0.4921875, 0.5234375, 0.46875], "BPTT": [0.4609375, 0.484375, 0.5, 0.546875, 0.4375, 0.5, 0.515625, 0.4453125, 0.4921875, 0.5234375, 0.515625, 0.609375, 0.484375, 0.40625, 0.578125, 0.484375, 0.4296875, 0.5, 0.5078125, 0.5859375, 0.4921875, 0.46875, 0.4453125, 0.515625, 0.4296875, 0.5078125, 0.5390625, 0.5234375, 0.5390625, 0.4609375, 0.5078125, 0.5390625, 0.5546875, 0.5, 0.5078125, 0.5, 0.5, 0.5078125, 0.453125, 0.5078125, 0.5859375, 0.5078125, 0.484375, 0.484375, 0.59375, 0.5234375, 0.484375, 0.4609375, 0.5234375, 0.4375, 0.5234375, 0.3984375, 0.5546875, 0.5, 0.5078125, 0.4296875, 0.4765625, 0.5078125, 0.46875, 0.390625, 0.5, 0.4921875, 0.4609375, 0.5, 0.5234375, 0.5625, 0.515625, 0.546875, 0.4453125, 0.4921875, 0.5390625, 0.4140625, 0.4921875, 0.5234375, 0.46875]}, "delay": 20, "alpha": 0.02}