{"steps": [0, 40, 80, 120, 160, 200, 240, 280, 320, 360, 400, 440, 480, 520, 560, 600, 640, 680, 720, 760], "curves": {"e-prop": [0.4609375, 0.484375, 0.5, 0.546875, 0.4375, 0.5, 0.515625, 0.4453125, 0.4921875, 0.609375, 0.671875, 0.65625, 0.75, 0.40625, 0.578125, 0.703125, 0.4296875, 0.71875, 0.9765625, 0.9453125], "d=0": [0.4609375, 0.484375, 0.5, 0.546875, 0.4375, 0.5, 0.515625, 0.4453125, 0.4921875, 0.6640625, 0.515625, 0.609375, 0.8125, 0.40625, 0.578125, 0.5625, 0.4296875, 0.828125, 0.9140625, 0.859375], "BPTT": [0.4609375, 0.484375, 0.5, 0.546875, 0.4375, 0.5, 0.515625, 0.4453125, 0.4921875, 0.578125, 0.6953125, 0.6796875, 0.7578125, 0.40625, 0.578125, 0.71875, 0.4296875, 0.71875, 0.9765625, 0.9609375]}, "delay": 20, "alpha": 0.02}