{"delays": [5, 10, 20, 30, 50], "cos_eprop": [0.9866065567731857, 0.9817879474163055, 0.9726756495237352, 0.9632586354017258, 0.9498419666290283], "cos_d0": [0.8795905354619025, 0.8720845693349837, 0.8708960036933423, 0.8659794792532919, 0.8702421534061433]}