{"steps": [0, 100, 200, 300, 400, 500, 600, 700, 800, 900, 1000, 1100, 1200, 1300, 1400, 1500, 1600, 1700, 1800, 1900, 2000], "curves": {"bptt": [[0.5, 0.5584309895833334, 0.5556640625, 0.6466471354166666, 0.76123046875, 0.7212727864583334, 0.8340657552083334, 0.826171875, 0.8905436197916666, 0.9567057291666666, 0.9134928385416666, 0.9183756510416666, 0.9300944010416666, 0.9708658854166666, 0.887939453125, 0.9647623697916666, 0.999267578125, 0.9995930989583334, 0.999755859375, 0.9995930989583334, 0.9996744791666666], [0.005459150335692847, 0.047281438811029475, 0.0313236639916634, 0.05713651050411942, 0.07664294525481362, 0.06001271439872247, 0.08174042186823063, 0.07967387562885957, 0.07704312934264113, 0.03480402317785534, 0.08514505170788976, 0.081234350082949, 0.043697110253138736, 0.027021464571593053, 0.08419435259771615, 0.03446066998912399, 0.000560283674415967, 0.00040690104166666663, 0.00016677979762304035, 0.00040690104166666663, 0.00032552083333333337]], "full": [[0.5, 0.5291341145833334, 0.6261393229166666, 0.5852864583333334, 0.606201171875, 0.5995279947916666, 0.6641438802083334, 0.6903483072916666, 0.6668294270833334, 0.752197265625, 0.712158203125, 0.7587890625, 0.769775390625, 0.7303873697916666, 0.8295084635416666, 0.7915852864583334, 0.7847493489583334, 0.83544921875, 0.8262532552083334, 0.8367513020833334, 0.8583170572916666], [0.005459150335692847, 0.03230874215137065, 0.06262888864037554, 0.032452810866434915, 0.055069055554541606, 0.043512666404985766, 0.042914415936261066, 0.033209447321121986, 0.04531321324046541, 0.036248045682294734, 0.049577701900619234, 0.035896255487729706, 0.03813697460124815, 0.047064743310499056, 0.03446251489190584, 0.033373446964573915, 0.05710781537692282, 0.019885300116566296, 0.04024958482505808, 0.012751943668655341, 0.024858077187944323]], "ablate_temporal": [[0.5, 0.5157063802083334, 0.6090494791666666, 0.5384114583333334, 0.56689453125, 0.5904947916666666, 0.6397298177083334, 0.6385904947916666, 0.6626790364583334, 0.6353352864583334, 0.6289876302083334, 0.71630859375, 0.7084147135416666, 0.7166341145833334, 0.6366373697916666, 0.7181803385416666, 0.7057291666666666, 0.7303873697916666, 0.7141927083333334, 0.7222493489583334, 0.7124837239583334], [0.005459150335692847, 0.026541253861710926, 0.058827748178527914, 0.013031205179008819, 0.04208821989085223, 0.031159247972290288, 0.05651876267829051, 0.028798223953173288, 0.04578912221025327, 0.04175940365957058, 0.041704176866835856, 0.05179833319497206, 0.045693389058446, 0.046664237458718054, 0.043766530259504034, 0.04124679411686802, 0.03167377927442269, 0.030421768004552492, 0.026062715289118386, 0.04196822396929696, 0.045201838036996664]], "ablate_spatial": [[0.5, 0.5157063802083334, 0.606689453125, 0.5390625, 0.5673014322916666, 0.5922037760416666, 0.6371256510416666, 0.637939453125, 0.65869140625, 0.6365559895833334, 0.6299641927083334, 0.719970703125, 0.7102864583333334, 0.7198079427083334, 0.64794921875, 0.720703125, 0.7059733072916666, 0.734619140625, 0.7184244791666666, 0.7320963541666666, 0.712890625], [0.005459150335692847, 0.02622648144289234, 0.057814060224494875, 0.013041162515631595, 0.0423125904607565, 0.03146502375247025, 0.05486847738180474, 0.02733204909153192, 0.045645635806686, 0.040500992834744724, 0.04208320000756424, 0.05280542179505216, 0.04689206413216744, 0.04689439442981944, 0.0463508976272965, 0.040597681494848464, 0.028509218840500263, 0.030641804450829074, 0.02715115003809939, 0.04425646978999308, 0.044389214902934404]]}}