{"eval_every": 100, "lr": {"bptt": 0.030235376847128518, "full": 0.035, "ablate_temporal": 0.04003028995470168, "ablate_spatial": 0.04006280331080022}, "curves": {"bptt": [[0.50482177734375, 0.57672119140625, 0.65673828125, 0.624755859375, 0.7469482421875, 0.74835205078125, 0.8037109375, 0.884033203125, 0.86376953125, 0.9259033203125, 0.93310546875, 0.9478759765625, 0.97125244140625, 0.9718017578125, 0.97247314453125, 0.9422607421875, 0.9437255859375, 0.996337890625, 0.99755859375, 0.998779296875, 0.99969482421875, 0.96734619140625, 0.966796875, 0.9549386160714286, 0.9862583705357143, 0.9997209821428571, 0.9997209821428571, 0.9813755580357143, 0.9999302455357143, 0.9999186197916666, 0.8741455078125, 0.9998779296875, 1.0, 1.0, 1.0], [0.00526496772172965, 0.03895460623249144, 0.04628987923810429, 0.04006616824627208, 0.05737889036897341, 0.0613734998142295, 0.06972390513643716, 0.05436009082065206, 0.07370332418517851, 0.038336492111146536, 0.06367043870514524, 0.04998709563216888, 0.02653866467826834, 0.027365345115153226, 0.027248440283513576, 0.037978779602310435, 0.03814790037934403, 0.0023216293583485795, 0.0015956095471118686, 0.0006393102253007589, 0.00030517578125, 0.03230552577362538, 0.032785433031022077, 0.044736709035351443, 0.013741629464285716, 0.0001452054966145461, 0.00027901785714285713, 0.018624441964285712, 6.975446428571428e-05, 8.138020833333333e-05, 0.1258544921875, 0.0001220703125, 0.0, 0.0, 0.0]], "full": [[0.50482177734375, 0.54583740234375, 0.61370849609375, 0.5985107421875, 0.6234130859375, 0.62811279296875, 0.68841552734375, 0.71551513671875, 0.7034912109375, 0.7762451171875, 0.75103759765625, 0.789794921875, 0.7965087890625, 0.772216796875, 0.84100341796875, 0.80645751953125, 0.79913330078125, 0.8463134765625, 0.84417724609375, 0.8489990234375, 0.8656005859375, 0.85028076171875, 0.8361467633928571, 0.8272181919642857, 0.8475864955357143, 0.8623046875, 0.8794642857142857, 0.8916713169642857, 0.8812779017857143, 0.8876953125, 0.8787667410714286, 0.8651646205357143, 0.8719308035714286, 0.8972516741071429, 0.8997628348214286, 0.8963448660714286, 0.9197823660714286, 0.892333984375, 0.9181315104166666, 0.9442545572916666, 0.93505859375], [0.00526496772172965, 0.026159436863344453, 0.04670616238223353, 0.025563042400760023, 0.04229925682596409, 0.03823565306056568, 0.03636658649729409, 0.032346025140747414, 0.04374340844615394, 0.03328761402587613, 0.045731021765063024, 0.03405227267613283, 0.035014973716882385, 0.04461326981053512, 0.027313361506297873, 0.028941138212710667, 0.04494214637143594, 0.016678256308145074, 0.03200576745525971, 0.01279444296027264, 0.01917636526245487, 0.02062104552617451, 0.033965911968413594, 0.028758190199070627, 0.015516514348112461, 0.021237227504223032, 0.007710419232524088, 0.00893792162362049, 0.02282655559678782, 0.010188928368588288, 0.013994305593463166, 0.029368948998571804, 0.015160219868580875, 0.015485910011493074, 0.029831568612303457, 0.026319503436739874, 0.011796825285266016, 0.04256489866185128, 0.024166606157599805, 0.017538029659892363, 0.01750427557168214]], "ablate_temporal": [[0.50482177734375, 0.531982421875, 0.595703125, 0.5482177734375, 0.57763671875, 0.6011962890625, 0.64398193359375, 0.64166259765625, 0.66351318359375, 0.644775390625, 0.6336669921875, 0.697021484375, 0.69622802734375, 0.70477294921875, 0.652587890625, 0.70428466796875, 0.7060546875, 0.72393798828125, 0.722412109375, 0.70123291015625, 0.71942138671875, 0.706298828125, 0.73638916015625, 0.7388392857142857, 0.7347237723214286, 0.7313058035714286, 0.7415597098214286, 0.78583984375, 0.77021484375, 0.79853515625, 0.7765625, 0.758984375, 0.7328125, 0.7685546875, 0.79736328125, 0.82177734375, 0.80986328125, 0.7390625, 0.82236328125, 0.74482421875, 0.81083984375], [0.00526496772172965, 0.022963499130748365, 0.045919488873701314, 0.013731766910498504, 0.031365861007855184, 0.023748021079201084, 0.042876348598597076, 0.025611908771936143, 0.0339774787182088, 0.030943044190469813, 0.03237441852592356, 0.03704173872512248, 0.03399990052871819, 0.035044287461968374, 0.03230533632808706, 0.02912224997103505, 0.02342550788348591, 0.021553016595068662, 0.02098230054616372, 0.03131987219414231, 0.03170753918456449, 0.030188939175039422, 0.02359075621104307, 0.032178690277713994, 0.02960138173694612, 0.029194722523638108, 0.029283059251259184, 0.030221651145114686, 0.039002823067239054, 0.02496478461525816, 0.024577868441475244, 0.02703799830527321, 0.0348382427156936, 0.04136148588171442, 0.03335107490145587, 0.024231741097398018, 0.03107809468186838, 0.0681589906221073, 0.021621212842659814, 0.05556065641934089, 0.053035211418523825]], "ablate_spatial": [[0.50482177734375, 0.53125, 0.59588623046875, 0.5474853515625, 0.578369140625, 0.60174560546875, 0.644287109375, 0.63995361328125, 0.661865234375, 0.64727783203125, 0.63616943359375, 0.7017822265625, 0.69659423828125, 0.70733642578125, 0.65911865234375, 0.71075439453125, 0.7095947265625, 0.72796630859375, 0.71856689453125, 0.7265625, 0.716796875, 0.7191162109375, 0.746826171875, 0.7349853515625, 0.75018310546875, 0.75299072265625, 0.75701904296875, 0.7620849609375, 0.7640380859375, 0.7723388671875, 0.7763671875, 0.76190185546875, 0.77978515625, 0.768798828125, 0.78350830078125, 0.79541015625, 0.7885044642857143, 0.7919224330357143, 0.7829241071428571, 0.8182198660714286, 0.8185686383928571], [0.00526496772172965, 0.02280106887032852, 0.0456717263356306, 0.01388163130981098, 0.03130825607216973, 0.023761675822097223, 0.04283110133942061, 0.02386715437445528, 0.03398418958892104, 0.030913714875407915, 0.03262798271001508, 0.0382025474083422, 0.034433713226073984, 0.03540651616059104, 0.032602658719341274, 0.0303494163605874, 0.022140732028170608, 0.023116582697279946, 0.020512988935846684, 0.030873482706042184, 0.03162607332688209, 0.03026017984248031, 0.024847060100427223, 0.026747409361514745, 0.025539246182939138, 0.025042048497920116, 0.023816797480865407, 0.02862025435881238, 0.025886431728313623, 0.021961366689863367, 0.02304991916752258, 0.03204491852002989, 0.030730839669142505, 0.03644535586287804, 0.030541137320915426, 0.025163240180831804, 0.029312842206718474, 0.03487358146816421, 0.04148158663562952, 0.03221928929824001, 0.031357327873759167]]}, "final": {"bptt": [1.0, 0.89921875, 0.9998046875, 1.0, 0.9806640625, 1.0, 0.99677734375, 1.0], "full": [0.9787109375, 0.907421875, 0.86298828125, 0.8986328125, 0.93916015625, 0.93427734375, 0.912890625, 0.909375], "ablate_temporal": [0.61240234375, 0.84970703125, 0.79833984375, 0.72275390625, 0.73740234375, 0.62216796875, 0.83720703125, 0.829296875], "ablate_spatial": [0.69365234375, 0.88310546875, 0.851171875, 0.74814453125, 0.81328125, 0.66787109375, 0.8541015625, 0.83701171875]}, "stop_steps": {"bptt": [3100, 3200, 2900, 2900, 2800, 3400, 2200, 3100], "full": [4000, 4000, 4000, 3600, 4000, 4000, 4000, 2100], "ablate_temporal": [4000, 4000, 4000, 2600, 2200, 2600, 4000, 4000], "ablate_spatial": [4000, 4000, 4000, 3500, 4000, 4000, 4000, 4000]}}