{"delays": [5, 10, 20, 30, 50], "cos_eprop": [0.8922330200672152, 0.8816249293088914, 0.8663629728555678, 0.8567367154359816, 0.846582265496254], "cos_d0": [0.8429237186908722, 0.8335991162061692, 0.8201729398965837, 0.8117608487606051, 0.8030554655194283]}