{"steps": [0, 100, 200, 300, 400, 500, 600, 700, 800, 900, 1000, 1100, 1200, 1300, 1400, 1500, 1600, 1700, 1800, 1900, 2000], "curves": {"bptt": [[0.50482177734375, 0.578369140625, 0.55718994140625, 0.69586181640625, 0.798095703125, 0.78875732421875, 0.875, 0.8695068359375, 0.91766357421875, 0.96417236328125, 0.93505859375, 0.93865966796875, 0.94464111328125, 0.97808837890625, 0.91595458984375, 0.9735107421875, 0.99945068359375, 0.9996337890625, 0.999755859375, 0.99969482421875, 0.999755859375], [0.00526496772172965, 0.037036911047110634, 0.026775677537607716, 0.05647768816574223, 0.06335981762966453, 0.062321198526840885, 0.06555658004571879, 0.06484987095423872, 0.05911898217500668, 0.026062501792345705, 0.06389898239526257, 0.06092232438346163, 0.03343809159115868, 0.020335073294537143, 0.06429522026354884, 0.025864712917857094, 0.00042724609374999995, 0.00030254868116799444, 0.00013049865327755095, 0.00030517578125, 0.000244140625]], "full": [[0.50482177734375, 0.54583740234375, 0.61370849609375, 0.5985107421875, 0.6234130859375, 0.62811279296875, 0.68841552734375, 0.71551513671875, 0.7034912109375, 0.7762451171875, 0.75103759765625, 0.789794921875, 0.7965087890625, 0.772216796875, 0.84100341796875, 0.80645751953125, 0.79913330078125, 0.8463134765625, 0.84417724609375, 0.8489990234375, 0.8656005859375], [0.00526496772172965, 0.026159436863344453, 0.04670616238223353, 0.025563042400760023, 0.04229925682596409, 0.03823565306056568, 0.03636658649729409, 0.032346025140747414, 0.04374340844615394, 0.03328761402587613, 0.045731021765063024, 0.03405227267613283, 0.035014973716882385, 0.04461326981053512, 0.027313361506297873, 0.028941138212710667, 0.04494214637143594, 0.016678256308145074, 0.03200576745525971, 0.01279444296027264, 0.01917636526245487]], "ablate_temporal": [[0.50482177734375, 0.53082275390625, 0.5926513671875, 0.54351806640625, 0.57220458984375, 0.600341796875, 0.63818359375, 0.6318359375, 0.65753173828125, 0.6363525390625, 0.62591552734375, 0.6968994140625, 0.6910400390625, 0.70355224609375, 0.6483154296875, 0.7071533203125, 0.6998291015625, 0.72015380859375, 0.70831298828125, 0.71337890625, 0.706298828125], [0.00526496772172965, 0.02191375831293801, 0.044479920865953454, 0.012653134044852195, 0.031154683047047885, 0.023740176413589116, 0.04141137844519632, 0.022394116442530827, 0.033724111474950684, 0.030777734579241028, 0.031626401459320795, 0.04008728207427811, 0.03543738325603898, 0.03529686282567853, 0.033069727300101014, 0.031588862900490865, 0.02369884826489855, 0.02329363264134499, 0.02005436488555529, 0.03126334858947223, 0.034032762778330776]], "ablate_spatial": [[0.50482177734375, 0.53155517578125, 0.59124755859375, 0.54388427734375, 0.572265625, 0.6029052734375, 0.63641357421875, 0.63189697265625, 0.6544189453125, 0.6370849609375, 0.62640380859375, 0.69976806640625, 0.6925048828125, 0.7056884765625, 0.65679931640625, 0.70904541015625, 0.69921875, 0.72259521484375, 0.7113037109375, 0.72076416015625, 0.7066650390625], [0.00526496772172965, 0.02189072364978611, 0.04363296556573997, 0.012836861892475614, 0.03129274986423594, 0.024077399388168757, 0.040180229917235445, 0.021179701766564956, 0.033562740322022874, 0.029897971987397735, 0.03175966150521329, 0.04094991155733278, 0.036288804721048694, 0.03565727946527961, 0.03453143768900664, 0.031103394827444526, 0.021552831405232585, 0.02381456288448072, 0.021055978937122567, 0.03323137860353857, 0.0333932195298455]]}}