{"steps": [0, 100, 200, 300, 400, 500, 600, 700, 800, 900, 1000, 1100, 1200], "curves": {"bptt": [[0.4674479166666667, 0.5325520833333334, 0.583984375, 0.66015625, 0.5520833333333334, 0.7721354166666667, 0.8346354166666666, 0.9947916666666667, 0.998046875, 0.9993489583333333, 0.99609375, 1.0, 1.0], [0.0, 0.0, 0.01106770833333337, 0.109375, 0.08463541666666666, 0.049479166666666685, 0.08984375, 0.005208333333333315, 0.001953125, 0.0006510416666666852, 0.00390625, 0.0, 0.0]], "full": [[0.4674479166666667, 0.5325520833333334, 0.5579427083333333, 0.5514322916666666, 0.5091145833333334, 0.6067708333333333, 0.7903645833333333, 0.6354166666666666, 0.7447916666666666, 0.806640625, 0.7858072916666667, 0.8678385416666667, 0.7747395833333334], [0.0, 0.0, 0.024088541666666685, 0.017578125, 0.00390625, 0.041666666666666685, 0.036458333333333315, 0.13671874999999997, 0.08203125, 0.01106770833333337, 0.014973958333333315, 0.018880208333333315, 0.046875]], "ablate_temporal": [[0.4674479166666667, 0.5325520833333334, 0.5703125, 0.5397135416666667, 0.48307291666666663, 0.5494791666666667, 0.6321614583333333, 0.619140625, 0.7154947916666667, 0.5891927083333333, 0.595703125, 0.7578125, 0.74609375], [0.0, 0.0, 0.02604166666666663, 0.007161458333333315, 0.0026041666666666574, 0.0013020833333333148, 0.046223958333333315, 0.09440104166666663, 0.06966145833333331, 0.022786458333333315, 0.080078125, 0.0859375, 0.09244791666666663]], "ablate_spatial": [[0.4674479166666667, 0.5325520833333334, 0.572265625, 0.5397135416666666, 0.4837239583333333, 0.5481770833333334, 0.6354166666666667, 0.6276041666666666, 0.7115885416666666, 0.587890625, 0.6028645833333334, 0.7565104166666667, 0.7532552083333334], [0.0, 0.0, 0.025390625, 0.005859375, 0.001953125, 0.0, 0.044270833333333315, 0.09765625, 0.068359375, 0.01888020833333337, 0.08203125, 0.08333333333333331, 0.091796875]]}}