{
  "seeds": 5,
  "trials": 400,
  "delay": 12,
  "summary": {
    "lower": {
      "full": {
        "label": {
          "acc": 1.0,
          "sem": 0.0,
          "chance_hi": 0.5541237543056485
        },
        "margin": {
          "acc": 0.8419694105293978,
          "sem": 0.011330582493746265,
          "chance_hi": 0.5536216104308315
        }
      },
      "ablate_temporal": {
        "label": {
          "acc": 1.0,
          "sem": 0.0,
          "chance_hi": 0.5492674420396346
        },
        "margin": {
          "acc": 0.6805938678854628,
          "sem": 0.01398002505359226,
          "chance_hi": 0.5556954332812214
        }
      },
      "ablate_spatial": {
        "label": {
          "acc": 0.5,
          "sem": 0.0,
          "chance_hi": 0.5
        },
        "margin": {
          "acc": 0.5,
          "sem": 0.0,
          "chance_hi": 0.5
        }
      }
    },
    "upper": {
      "full": {
        "label": {
          "acc": 1.0,
          "sem": 0.0,
          "chance_hi": 0.5517621019882023
        },
        "margin": {
          "acc": 0.7409771906994259,
          "sem": 0.05095576118447081,
          "chance_hi": 0.5553352067553294
        }
      },
      "ablate_temporal": {
        "label": {
          "acc": 1.0,
          "sem": 0.0,
          "chance_hi": 0.5517621019882023
        },
        "margin": {
          "acc": 0.7409771906994259,
          "sem": 0.05095576118447081,
          "chance_hi": 0.5553352067553294
        }
      },
      "ablate_spatial": {
        "label": {
          "acc": 1.0,
          "sem": 0.0,
          "chance_hi": 0.5517621019882023
        },
        "margin": {
          "acc": 0.7409771906994259,
          "sem": 0.05095576118447081,
          "chance_hi": 0.5553352067553294
        }
      }
    }
  }
}