{"delay": 12, "n_seeds": 8, "conv_acc": {"bptt": [0.99931640625, 1.0, 1.0, 1.0, 1.0, 1.0, 0.99990234375, 1.0], "full": [1.0, 0.9990234375, 1.0, 0.9998046875, 0.99736328125, 0.9994140625, 1.0, 0.99990234375], "ablate_temporal": [0.9990234375, 0.97626953125, 0.9998046875, 0.99892578125, 0.9962890625, 0.9998046875, 1.0, 0.998828125], "ablate_spatial": [0.9474609375, 1.0, 0.99853515625, 0.97119140625, 0.99921875, 0.999609375, 1.0, 0.99990234375], "readout": [0.74072265625, 0.8154296875, 0.74326171875, 0.77646484375, 0.77314453125, 0.78525390625, 0.744921875, 0.6458984375]}, "means": {"bptt": 0.9999023437500001, "full": 0.9994384765625, "ablate_temporal": 0.9961181640625, "ablate_spatial": 0.98948974609375, "readout": 0.75313720703125}, "sems": {"bptt": 8.457279333832956e-05, "full": 0.00032111685639565565, "ablate_temporal": 0.0028657902408613144, "ablate_spatial": 0.006955833764660241, "readout": 0.01776613897065898}, "res_curve": [[0.50482177734375, 0.582763671875, 0.5799560546875, 0.6395263671875, 0.64776611328125, 0.6920166015625, 0.655029296875, 0.69256591796875, 0.7015380859375, 0.69049072265625, 0.7197265625, 0.69873046875, 0.7119140625, 0.71051025390625, 0.72906494140625, 0.73016357421875, 0.7257080078125, 0.72564697265625, 0.7188720703125, 0.73382568359375, 0.712890625, 0.72833251953125, 0.7353515625, 0.73577880859375, 0.7391880580357143, 0.7300502232142857, 0.7370256696428571, 0.7403971354166666, 0.73193359375, 0.744384765625, 0.740966796875, 0.7303873697916666, 0.74267578125, 0.74658203125, 0.7384440104166666, 0.75, 0.7513834635416666, 0.723046875, 0.74111328125, 0.7455078125, 0.7455078125], [0.00526496772172965, 0.033452102263698526, 0.02895464142111883, 0.03208884003209403, 0.030441442066497494, 0.029453657347106085, 0.032090730634128366, 0.026461950695989146, 0.022481731006741713, 0.01950626137138102, 0.020538514698602062, 0.024841233611872397, 0.02093517298669158, 0.022751054052939843, 0.020358508791426838, 0.01821962580483829, 0.018100720666419753, 0.020345748162850456, 0.021915567500358828, 0.019049772507339392, 0.020987169770877383, 0.01986923690056678, 0.02004609688010187, 0.018748582491198745, 0.02096969714631734, 0.02031687834545754, 0.020980368000937114, 0.025851150439217076, 0.024125244771871942, 0.02472290011939782, 0.02476080268898109, 0.024512631963746086, 0.024865615787067336, 0.024878077433268756, 0.024055196691375975, 0.025068697320918747, 0.02537854551236673, 0.023194849869870676, 0.02648960658252539, 0.028084195524690447, 0.02413038314293828]], "comparisons": [{"comparison": "full \u2212 reservoir", "n": 8, "mean_diff": 0.24630126953124998, "sd_diff": 0.05061669653288378, "ci_low": 0.20398465224597706, "ci_high": 0.2886178868165229, "cohen_dz": 4.866008380678048, "p_perm": 0.0078125, "p_t": 2.5217534019400918e-06, "p_wilcoxon": 0.0078125, "p_holm": 0.0234375}, {"comparison": "ablate_temporal \u2212 reservoir", "n": 8, "mean_diff": 0.24298095703125, "sd_diff": 0.05480313123989584, "ci_low": 0.19716439274387826, "ci_high": 0.28879752131862174, "cohen_dz": 4.43370573056533, "p_perm": 0.0078125, "p_t": 4.7285149890225e-06, "p_wilcoxon": 0.0078125, "p_holm": 0.0234375}, {"comparison": "ablate_spatial \u2212 reservoir", "n": 8, "mean_diff": 0.2363525390625, "sd_diff": 0.05402530136967487, "ci_low": 0.1911862568201015, "ci_high": 0.28151882130489847, "cohen_dz": 4.37484906276095, "p_perm": 0.0078125, "p_t": 5.1735795481307715e-06, "p_wilcoxon": 0.0078125, "p_holm": 0.0234375}], "per_seed_readout": [[0.48779296875, 0.5048828125, 0.49951171875, 0.62646484375, 0.63671875, 0.59423828125, 0.65283203125, 0.57861328125, 0.6748046875, 0.67578125, 0.6953125, 0.6015625, 0.67041015625, 0.63818359375, 0.69384765625, 0.7099609375, 0.69970703125, 0.70751953125, 0.72314453125, 0.7158203125, 0.67431640625, 0.71630859375, 0.703125, 0.7236328125, 0.720703125, 0.71826171875, 0.73193359375, 0.72265625, 0.7255859375, 0.73388671875, 0.73291015625, 0.7099609375, 0.728515625, 0.7333984375, 0.73291015625, 0.72900390625, 0.73095703125, 0.7431640625, 0.73828125, 0.7431640625, 0.748046875], [0.48779296875, 0.5126953125, 0.48779296875, 0.75537109375, 0.8076171875, 0.74951171875, 0.80419921875, 0.78466796875, 0.76220703125, 0.75244140625, 0.8115234375, 0.7978515625, 0.78369140625, 0.80712890625, 0.80712890625, 0.77978515625, 0.787109375, 0.810546875, 0.8125, 0.798828125, 0.77587890625, 0.81494140625, 0.81494140625, 0.80712890625, 0.8115234375, 0.80859375, 0.81396484375, 0.8154296875, 0.81591796875, 0.814453125, 0.8154296875, 0.81591796875, 0.81591796875, 0.81494140625, 0.81640625, 0.81201171875, 0.81787109375], [0.48779296875, 0.50244140625, 0.52099609375, 0.70703125, 0.6767578125, 0.7763671875, 0.49853515625, 0.76416015625, 0.77685546875, 0.7666015625, 0.75830078125, 0.72705078125, 0.736328125, 0.70654296875, 0.75146484375, 0.751953125, 0.7509765625, 0.740234375, 0.751953125, 0.740234375, 0.744140625, 0.7333984375, 0.71044921875, 0.751953125, 0.74609375, 0.7548828125, 0.7529296875], [0.51220703125, 0.68310546875, 0.7392578125, 0.73486328125, 0.69775390625, 0.74169921875, 0.73583984375, 0.74365234375, 0.7041015625, 0.72900390625, 0.7451171875, 0.74609375, 0.74560546875, 0.7412109375, 0.74267578125, 0.75146484375, 0.744140625, 0.7509765625, 0.75244140625, 0.75830078125, 0.7568359375, 0.75537109375, 0.75927734375, 0.76171875, 0.75732421875, 0.7578125, 0.76611328125, 0.76318359375, 0.763671875, 0.76806640625, 0.765625, 0.76904296875, 0.765625, 0.7685546875, 0.77001953125, 0.7744140625, 0.7744140625, 0.77685546875, 0.7783203125, 0.775390625, 0.77734375], [0.51220703125, 0.76220703125, 0.62353515625, 0.6669921875, 0.6025390625, 0.80126953125, 0.609375, 0.73583984375, 0.76708984375, 0.681640625, 0.73388671875, 0.759765625, 0.77978515625, 0.78125, 0.77978515625, 0.78271484375, 0.77001953125, 0.77587890625, 0.74365234375, 0.77685546875, 0.7646484375, 0.775390625, 0.7724609375, 0.7763671875], [0.51220703125, 0.5283203125, 0.5712890625, 0.5439453125, 0.5146484375, 0.6416015625, 0.66162109375, 0.65625, 0.662109375, 0.6337890625, 0.70166015625, 0.6533203125, 0.671875, 0.6875, 0.7373046875, 0.73779296875, 0.71923828125, 0.68896484375, 0.6396484375, 0.75390625, 0.63232421875, 0.69091796875, 0.76513671875, 0.71875, 0.77197265625, 0.70849609375, 0.7392578125, 0.78271484375, 0.7177734375, 0.7822265625, 0.76708984375, 0.71630859375, 0.7763671875, 0.78662109375, 0.736328125, 0.80126953125, 0.798828125, 0.71630859375, 0.80517578125, 0.81103515625, 0.794921875], [0.5263671875, 0.5830078125, 0.61376953125, 0.5634765625, 0.65380859375, 0.6181640625, 0.66845703125, 0.6611328125, 0.67041015625, 0.67431640625, 0.69970703125, 0.6845703125, 0.6923828125, 0.7001953125, 0.69921875, 0.70361328125, 0.71240234375, 0.70849609375, 0.7021484375, 0.70166015625, 0.7255859375, 0.7109375, 0.72998046875, 0.716796875, 0.734375, 0.72802734375, 0.72412109375, 0.7255859375, 0.732421875, 0.728515625, 0.73046875, 0.7333984375, 0.73291015625, 0.73681640625, 0.73779296875, 0.7392578125, 0.74267578125, 0.740234375, 0.73486328125, 0.7548828125, 0.751953125], [0.51220703125, 0.58544921875, 0.58349609375, 0.51806640625, 0.59228515625, 0.61328125, 0.609375, 0.6162109375, 0.5947265625, 0.6103515625, 0.6123046875, 0.61962890625, 0.615234375, 0.6220703125, 0.62109375, 0.6240234375, 0.6220703125, 0.62255859375, 0.62548828125, 0.625, 0.62939453125, 0.62939453125, 0.62744140625, 0.6298828125, 0.63232421875, 0.63427734375, 0.630859375, 0.6328125, 0.63623046875, 0.63916015625, 0.63427734375, 0.6376953125, 0.63671875, 0.63916015625, 0.63720703125, 0.64404296875, 0.6435546875, 0.638671875, 0.64892578125, 0.64306640625, 0.6552734375]]}