{"eval_every": 100, "optimizer": "adam", "lr": 0.001, "curves": {"bptt": [[0.50482177734375, 0.93963623046875, 0.99749755859375, 0.99896240234375, 0.9989013671875, 0.99981689453125, 0.9998779296875, 0.99981689453125, 0.9998779296875, 0.99993896484375, 0.99957275390625, 1.0, 0.9998779296875, 0.999755859375, 0.9998779296875, 0.99993896484375, 1.0, 0.99993896484375, 1.0, 1.0, 1.0, 0.99957275390625, 1.0, 0.99993896484375, 1.0], [0.00526496772172965, 0.016796838880734563, 0.001636282174912815, 0.0007689322394065298, 0.0008934632015520018, 0.00012844342793192167, 7.991377816259486e-05, 0.00012844342793192167, 7.991377816259486e-05, 6.103515625e-05, 0.0002516543960948279, 0.0, 0.0001220703125, 0.00015982755632518972, 7.991377816259486e-05, 6.103515625e-05, 0.0, 6.103515625e-05, 0.0, 0.0, 0.0, 0.00042724609374999995, 0.0, 6.103515625e-05, 0.0]], "full": [[0.50482177734375, 0.75506591796875, 0.88037109375, 0.9127197265625, 0.96173095703125, 0.98297119140625, 0.992919921875, 0.99700927734375, 0.997802734375, 0.990478515625, 0.99786376953125, 0.9989013671875, 0.99847412109375, 0.99951171875, 0.9996337890625, 0.99957275390625, 0.99957275390625, 0.99969482421875, 0.9989013671875, 0.99847412109375, 0.99957275390625, 0.99957275390625, 0.9996337890625, 0.9998604910714286, 0.9999186197916666, 0.9994140625, 1.0, 1.0, 0.9990234375], [0.00526496772172965, 0.025204141364729676, 0.015454038199310125, 0.010707551679201798, 0.011207675905609537, 0.006579796903836721, 0.0021183432811188916, 0.0007799273602752984, 0.0007265857511160595, 0.007643367505827286, 0.0008352805842763742, 0.0004303488657663597, 0.00041716216915128646, 9.227648266826836e-05, 0.0001220703125, 0.0001440666123906451, 0.0001943838658761854, 0.00012844342793192167, 0.0006241465599948827, 0.00091552734375, 0.0002516543960948279, 0.00029811873948937565, 0.00030254868116799444, 9.005262616739715e-05, 8.138020833333333e-05, 0.00047340623607581336, 0.0, 0.0, 0.0009765625]], "ablate_temporal": [[0.50482177734375, 0.64117431640625, 0.708251953125, 0.77593994140625, 0.846923828125, 0.90869140625, 0.95379638671875, 0.97674560546875, 0.985595703125, 0.9874267578125, 0.99285888671875, 0.99200439453125, 0.9947509765625, 0.9942626953125, 0.99700927734375, 0.99560546875, 0.998291015625, 0.9974365234375, 0.99774169921875, 0.99835205078125, 0.99774169921875, 0.9989013671875, 0.99871826171875, 0.98565673828125, 0.9984130859375, 0.9990931919642857, 0.9992327008928571, 0.9991048177083334, 0.998779296875, 0.9990234375], [0.00526496772172965, 0.04435845194115202, 0.041814790560737274, 0.042498047797862544, 0.029429399388764977, 0.015283392552882432, 0.00976734146292179, 0.008302800549997436, 0.0060488624503154485, 0.005150772091346019, 0.0030617685973821124, 0.0032715071492327623, 0.0017623358761202509, 0.0018263984696961582, 0.0011355538858179182, 0.001882078343084827, 0.0006717829340212828, 0.000753905075377277, 0.0009178495474644764, 0.0005375649637904001, 0.0009497644110810506, 0.0005116978498577431, 0.0004120276698769063, 0.013095439885079236, 0.0006033357942245462, 0.0004932385471446341, 0.0003510897709854329, 0.0005555354220662765, 0.0007590640505443371, 0.0]], "ablate_spatial": [[0.50482177734375, 0.60552978515625, 0.68780517578125, 0.77899169921875, 0.84906005859375, 0.9307861328125, 0.95831298828125, 0.97686767578125, 0.98590087890625, 0.9898681640625, 0.991455078125, 0.992431640625, 0.99365234375, 0.9940185546875, 0.9951171875, 0.99517822265625, 0.9957275390625, 0.9962158203125, 0.9967041015625, 0.99676513671875, 0.99737548828125, 0.99761962890625, 0.99755859375, 0.99774169921875, 0.99725341796875, 0.99053955078125, 0.990234375, 0.9984130859375, 0.9973958333333334, 0.9982096354166666, 0.996826171875, 0.99755859375, 0.99755859375, 0.997802734375, 0.872314453125, 0.998046875, 0.9990234375, 0.9990234375], [0.00526496772172965, 0.024841308593749997, 0.036128798744231784, 0.02473198025735068, 0.03327081496239367, 0.021647982200070484, 0.02131984929410963, 0.009501761665706059, 0.004168239648544457, 0.00283628248017794, 0.0026213668281408415, 0.002347162577900563, 0.002094086642337901, 0.0021138163640299712, 0.0016711981795076644, 0.0018349741811483939, 0.0015099263765689674, 0.0014986053068250433, 0.0013041706611529181, 0.0013209967496800401, 0.0011669874447705105, 0.0011688101517692336, 0.0011073177920192204, 0.0011070774625986971, 0.0015521592877176472, 0.008501432648704546, 0.007944642545398355, 0.0011516090249092533, 0.0010672914264814454, 0.0011393229166666667, 0.0017089843749999998, 0.0, 0.0, 0.000244140625, 0.126220703125, 0.0, 0.0, 0.0]]}, "conv_acc": {"bptt": [0.99931640625, 1.0, 1.0, 1.0, 1.0, 1.0, 0.99990234375, 1.0], "full": [1.0, 0.9990234375, 1.0, 0.9998046875, 0.99736328125, 0.9994140625, 1.0, 0.99990234375], "ablate_temporal": [0.9990234375, 0.97626953125, 0.9998046875, 0.99892578125, 0.9962890625, 0.9998046875, 1.0, 0.998828125], "ablate_spatial": [0.9474609375, 1.0, 0.99853515625, 0.97119140625, 0.99921875, 0.999609375, 1.0, 0.99990234375]}, "stop_steps": {"bptt": [2400, 2400, 2400, 2400, 2400, 2300, 2400, 2400], "full": [2700, 2800, 2800, 2400, 2200, 2300, 2600, 2500], "ablate_temporal": [2800, 2400, 2600, 2800, 2700, 2800, 2700, 2900], "ablate_spatial": [3400, 2500, 3700, 2600, 2600, 2900, 2500, 2700]}, "per_seed": {"bptt": [[0.48779296875, 0.9677734375, 1.0, 1.0, 1.0, 1.0, 1.0, 0.99951171875, 1.0, 1.0, 1.0, 1.0, 1.0, 0.9990234375, 1.0, 1.0, 1.0, 1.0, 1.0, 1.0, 1.0, 0.99658203125, 1.0, 1.0, 1.0], [0.48779296875, 0.94287109375, 0.99853515625, 1.0, 0.99951171875, 0.9990234375, 1.0, 1.0, 0.99951171875, 1.0, 0.99951171875, 1.0, 1.0, 1.0, 0.99951171875, 1.0, 1.0, 1.0, 1.0, 1.0, 1.0, 1.0, 1.0, 1.0, 1.0], [0.48779296875, 0.96533203125, 1.0, 0.99951171875, 1.0, 0.99951171875, 0.99951171875, 1.0, 1.0, 1.0, 1.0, 1.0, 1.0, 1.0, 1.0, 1.0, 1.0, 1.0, 1.0, 1.0, 1.0, 1.0, 1.0, 1.0, 1.0], [0.51220703125, 0.900390625, 0.9951171875, 1.0, 1.0, 1.0, 1.0, 1.0, 1.0, 1.0, 1.0, 1.0, 1.0, 1.0, 1.0, 1.0, 1.0, 1.0, 1.0, 1.0, 1.0, 1.0, 1.0, 1.0, 1.0], [0.51220703125, 0.95751953125, 1.0, 1.0, 1.0, 1.0, 1.0, 1.0, 1.0, 1.0, 1.0, 1.0, 1.0, 1.0, 1.0, 1.0, 1.0, 1.0, 1.0, 1.0, 1.0, 1.0, 1.0, 1.0, 1.0], [0.51220703125, 0.8447265625, 0.98681640625, 0.99365234375, 0.99951171875, 1.0, 1.0, 1.0, 1.0, 1.0, 0.998046875, 1.0, 0.9990234375, 1.0, 1.0, 1.0, 1.0, 1.0, 1.0, 1.0, 1.0, 1.0, 1.0, 1.0], [0.5263671875, 0.93994140625, 0.99951171875, 0.99951171875, 0.99951171875, 1.0, 0.99951171875, 1.0, 0.99951171875, 1.0, 0.9990234375, 1.0, 1.0, 0.9990234375, 0.99951171875, 0.99951171875, 1.0, 0.99951171875, 1.0, 1.0, 1.0, 1.0, 1.0, 0.99951171875, 1.0], [0.51220703125, 0.99853515625, 1.0, 0.9990234375, 0.99267578125, 1.0, 1.0, 0.9990234375, 1.0, 0.99951171875, 1.0, 1.0, 1.0, 1.0, 1.0, 1.0, 1.0, 1.0, 1.0, 1.0, 1.0, 1.0, 1.0, 1.0, 1.0]],