{"steps": [0, 40, 80, 120, 160, 200, 240, 280, 320, 360, 400, 440, 480, 520, 560, 600, 640, 680, 720, 760], "curves": {"e-prop": [0.4609375, 0.484375, 0.5, 0.546875, 0.4375, 0.5, 0.515625, 0.1796875, 0.4765625, 0.4765625, 0.109375, 0.609375, 0.515625, 0.40625, 0.578125, 0.515625, 0.4296875, 0.5, 0.4921875, 0.765625], "d=0": [0.4609375, 0.484375, 0.5, 0.546875, 0.4375, 0.5, 0.515625, 0.4453125, 0.3203125, 0.4765625, 0.0703125, 0.609375, 0.515625, 0.40625, 0.578125, 0.1875, 0.4296875, 0.5, 0.4921875, 0.2421875], "BPTT": [0.4609375, 0.484375, 0.5, 0.546875, 0.4375, 0.5, 0.515625, 0.109375, 0.5078125, 0.4765625, 0.2109375, 0.609375, 0.515625, 0.40625, 0.578125, 0.515625, 0.4296875, 0.5, 0.546875, 0.7578125]}, "delay": 50, "alpha": 0.02}