{"steps": [0, 40, 80, 120, 160, 200, 240, 280, 320, 360, 400, 440, 480, 520, 560, 600, 640, 680, 720, 760], "curves": {"e-prop": [0.4609375, 0.484375, 0.5, 0.546875, 0.4375, 0.5, 0.515625, 0.4453125, 0.4921875, 0.5234375, 0.515625, 0.5078125, 0.2734375, 0.40625, 0.578125, 0.296875, 0.4296875, 0.296875, 0.2734375, 0.3984375], "d=0": [0.4609375, 0.484375, 0.5, 0.546875, 0.4375, 0.5, 0.515625, 0.4453125, 0.4921875, 0.5234375, 0.515625, 0.609375, 0.484375, 0.40625, 0.578125, 0.484375, 0.4296875, 0.5, 0.5078125, 0.5859375], "BPTT": [0.4609375, 0.484375, 0.5, 0.546875, 0.4375, 0.5, 0.3828125, 0.21875, 0.1875, 0.25, 0.2421875, 0.359375, 0.3203125, 0.40625, 0.578125, 0.3828125, 0.4296875, 0.359375, 0.484375, 0.6171875]}, "delay": 20, "alpha": 0.1}