{
  "device": "mps",
  "alpha": [
    0.3,
    0.05
  ],
  "lr": 0.003,
  "n_steps": 1500,
  "n_seeds": 2,
  "task": {
    "n_cues": 5,
    "delay": 12,
    "cue_duration": 3,
    "inter_cue_interval": 2,
    "amp": 2.0,
    "feature_noise": 0.15
  },
  "results": {
    "c1": {
      "label": "overload (headline)",
      "n_rec": 12,
      "D": 32,
      "conditions": {
        "full": {
          "aux_mean": 0.9990234375,
          "del_mean": 0.9931640625,
          "aux": [
            1.0,
            0.998046875
          ],
          "del_": [
            0.998046875,
            0.98828125
          ]
        },
        "ablate_temporal": {
          "aux_mean": 0.9998046875,
          "del_mean": 0.91015625,
          "aux": [
            0.999609375,
            1.0
          ],
          "del_": [
            0.900390625,
            0.919921875
          ]
        },
        "ablate_spatial": {
          "aux_mean": 0.612109375,
          "del_mean": 0.53515625,
          "aux": [
            0.58359375,
            0.640625
          ],
          "del_": [
            0.517578125,
            0.552734375
          ]
        },
        "esn_linear": {
          "aux_mean": 0.5869140625,
          "del_mean": 0.537109375,
          "aux": [
            0.559375,
            0.614453125
          ],
          "del_": [
            0.50390625,
            0.5703125
          ]
        }
      }
    },
    "c2": {
      "label": "heavy overload",
      "n_rec": 16,
      "D": 48,
      "conditions": {
        "full": {
          "aux_mean": 0.9994140625000001,
          "del_mean": 0.9921875,
          "aux": [
            0.99921875,
            0.999609375
          ],
          "del_": [
            0.998046875,
            0.986328125
          ]
        },
        "ablate_temporal": {
          "aux_mean": 1.0,
          "del_mean": 0.9736328125,
          "aux": [
            1.0,
            1.0
          ],
          "del_": [
            0.970703125,
            0.9765625
          ]
        },
        "ablate_spatial": {
          "aux_mean": 0.640625,
          "del_mean": 0.6240234375,
          "aux": [
            0.68828125,
            0.59296875
          ],
          "del_": [
            0.64453125,
            0.603515625
          ]
        },
        "esn_linear": {
          "aux_mean": 0.590234375,
          "del_mean": 0.541015625,
          "aux": [
            0.6234375,
            0.55703125
          ],
          "del_": [
            0.533203125,
            0.548828125
          ]
        }
      }
    },
    "c3": {
      "label": "mild overload",
      "n_rec": 16,
      "D": 16,
      "conditions": {
        "full": {
          "aux_mean": 0.9994140625,
          "del_mean": 0.9755859375,
          "aux": [
            1.0,
            0.998828125
          ],
          "del_": [
            0.96484375,
            0.986328125
          ]
        },
        "ablate_temporal": {
          "aux_mean": 1.0,
          "del_mean": 0.94140625,
          "aux": [
            1.0,
            1.0
          ],
          "del_": [
            0.939453125,
            0.943359375
          ]
        },
        "ablate_spatial": {
          "aux_mean": 0.7126953125,
          "del_mean": 0.5810546875,
          "aux": [
            0.707421875,
            0.71796875
          ],
          "del_": [
            0.548828125,
            0.61328125
          ]
        },
        "esn_linear": {
          "aux_mean": 0.637890625,
          "del_mean": 0.505859375,
          "aux": [
            0.633984375,
            0.641796875
          ],
          "del_": [
            0.52734375,
            0.484375
          ]
        }
      }
    },
    "c4": {
      "label": "no overload (control)",
      "n_rec": 24,
      "D": 4,
      "conditions": {
        "full": {
          "aux_mean": 0.998828125,
          "del_mean": 0.939453125,
          "aux": [
            0.99765625,
            1.0
          ],
          "del_": [
            0.9609375,
            0.91796875
          ]
        },
        "ablate_temporal": {
          "aux_mean": 1.0,
          "del_mean": 0.96875,
          "aux": [
            1.0,
            1.0
          ],
          "del_": [
            1.0,
            0.9375
          ]
        },
        "ablate_spatial": {
          "aux_mean": 0.89765625,
          "del_mean": 0.75390625,
          "aux": [
            0.88125,
            0.9140625
          ],
          "del_": [
            0.72265625,
            0.78515625
          ]
        },
        "esn_linear": {
          "aux_mean": 0.775390625,
          "del_mean": 0.5400390625,
          "aux": [
            0.764453125,
            0.786328125
          ],
          "del_": [
            0.529296875,
            0.55078125
          ]
        }
      }
    }
  }
}